has_nudge_in_target,nrc_fear,nrc_anger,nrc_anticipation,nrc_trust,nrc_surprise,nrc_sadness,nrc_joy,nrc_disgust,nrc_positive,nrc_negative
0,0.006761456278576559,0.004640662235043271,0.08541326978552614,0.027467703499310173,0.0081639168557518,0.019930903161807463,0.060989931929352474,0.004754683420179469,0.1504167474316728,0.03516413349600356
1,0.010969723562966213,0.010530934620447565,0.24001755155770074,0.036419482229047825,0.010092145677928916,0.0741553312856516,0.08117595436594997,0.007020623080298377,0.21676173760421238,0.08336989907854322
