has_nudge_in_target,nrc_fear,nrc_anger,nrc_anticipation,nrc_trust,nrc_surprise,nrc_sadness,nrc_joy,nrc_disgust,nrc_positive,nrc_negative
0,0.00676045419307766,0.00463997446303981,0.08556021706416161,0.027463632632586985,0.00816270691778011,0.019927949290893338,0.0610150941675407,0.004753978749600985,0.1504856582607506,0.03519312326143463
1,0.011032656663724626,0.01059135039717564,0.235216240070609,0.03662842012356576,0.010150044130626656,0.07458075904677847,0.08031774051191527,0.00706090026478376,0.2144748455428067,0.0825242718446602
