,minilm_mcs5,minilm_mcs10,minilm_mcs20,mpnet_mcs5,mpnet_mcs10,mpnet_mcs20
minilm_mcs5,1.0,0.23170593835976966,0.0,0.07276308066064317,0.0,0.0
minilm_mcs10,0.23170593835976966,1.0,0.0,-0.10139483053433501,0.0,0.0
minilm_mcs20,0.0,0.0,1.0,0.0,1.0,1.0
mpnet_mcs5,0.07276308066064317,-0.10139483053433501,0.0,1.0,0.0,0.0
mpnet_mcs10,0.0,0.0,1.0,0.0,1.0,1.0
mpnet_mcs20,0.0,0.0,1.0,0.0,1.0,1.0
