,minilm_mcs3,minilm_mcs5,minilm_mcs10,mpnet_mcs3,mpnet_mcs5,mpnet_mcs10
minilm_mcs3,1.0,1.0,0.0,-0.09901703173969065,0.0,0.0
minilm_mcs5,1.0,1.0,0.0,-0.09901703173969065,0.0,0.0
minilm_mcs10,0.0,0.0,1.0,0.0,1.0,1.0
mpnet_mcs3,-0.09901703173969065,-0.09901703173969065,0.0,1.0,0.0,0.0
mpnet_mcs5,0.0,0.0,1.0,0.0,1.0,1.0
mpnet_mcs10,0.0,0.0,1.0,0.0,1.0,1.0
