,minilm_mcs3,minilm_mcs5,minilm_mcs10,mpnet_mcs3,mpnet_mcs5,mpnet_mcs10
minilm_mcs3,1.0,0.7553488962769189,0.0,0.5446298785584156,0.27425720507756146,0.0
minilm_mcs5,0.7553488962769189,1.0,0.0,0.5602197980047089,0.2645100781546718,0.0
minilm_mcs10,0.0,0.0,1.0,0.0,0.0,1.0
mpnet_mcs3,0.5446298785584156,0.5602197980047089,0.0,1.0,0.3522191569402913,0.0
mpnet_mcs5,0.27425720507756146,0.2645100781546718,0.0,0.3522191569402913,1.0,0.0
mpnet_mcs10,0.0,0.0,1.0,0.0,0.0,1.0
