,minilm_mcs3,minilm_mcs5,minilm_mcs10,mpnet_mcs3,mpnet_mcs5,mpnet_mcs10
minilm_mcs3,1.0,0.10981958458426985,-0.047709313827289136,0.26680982966575284,0.24966733224196713,-0.025804210498410012
minilm_mcs5,0.10981958458426985,1.0,0.11964765257230732,0.463987094664234,0.4713322761573925,0.14734003510114657
minilm_mcs10,-0.047709313827289136,0.11964765257230732,1.0,-0.04164384275225915,-0.03192123069381286,0.4276429163297493
mpnet_mcs3,0.26680982966575284,0.463987094664234,-0.04164384275225915,1.0,0.9901812195321488,0.05268916429126977
mpnet_mcs5,0.24966733224196713,0.4713322761573925,-0.03192123069381286,0.9901812195321488,1.0,0.06278724500840775
mpnet_mcs10,-0.025804210498410012,0.14734003510114657,0.4276429163297493,0.05268916429126977,0.06278724500840775,1.0
