,minilm_mcs5,minilm_mcs10,minilm_mcs20,mpnet_mcs5,mpnet_mcs10,mpnet_mcs20
minilm_mcs5,1.0,-0.08669753440274237,0.0,0.007564499249717878,0.0,0.0
minilm_mcs10,-0.08669753440274237,1.0,0.0,0.64476847523331,0.0,0.0
minilm_mcs20,0.0,0.0,1.0,0.0,1.0,1.0
mpnet_mcs5,0.007564499249717878,0.64476847523331,0.0,1.0,0.0,0.0
mpnet_mcs10,0.0,0.0,1.0,0.0,1.0,1.0
mpnet_mcs20,0.0,0.0,1.0,0.0,1.0,1.0
