has_nudge_in_target,nrc_fear,nrc_anger,nrc_anticipation,nrc_trust,nrc_surprise,nrc_sadness,nrc_joy,nrc_disgust,nrc_positive,nrc_negative
0,0.033773087071240104,0.02453825857519789,0.3295514511873351,0.1387862796833773,0.02295514511873351,0.11451187335092348,0.21398416886543536,0.011873350923482849,0.4635883905013193,0.21635883905013192
1,0.06172839506172839,0.04938271604938271,0.9074074074074074,0.4012345679012346,0.04938271604938271,0.39197530864197533,0.4074074074074074,0.018518518518518517,0.9506172839506173,0.5061728395061729
