,in_graph,nodes,edges,density
rest,True,1166,525780,0.7741223065540824
break,True,1432,696331,0.6796151849119068
tired,True,649,194271,0.9238857501569366
